name,role,company,industry,location,linkedin_bio
John Smith,CEO,TechFlow Inc.,SaaS,San Francisco,"Experienced technology executive with 15+ years in B2B SaaS, focused on growth and innovation"
Sarah Chen,Head of Marketing,DataDrive Solutions,Technology,New York,"Digital marketing specialist helping B2B companies scale their revenue operations"
Mike Johnson,Software Engineer,CodeCraft Labs,Software Development,Austin,"Full-stack developer passionate about building scalable web applications"
Lisa Rodriguez,VP of Sales,RevenueBoost LLC,B2B Software,Chicago,"Sales leader specializing in enterprise SaaS solutions for mid-market companies"
David Kim,Founder,StartUpGrid,Technology,Boston,"Serial entrepreneur building the next generation of AI-powered business tools"
Emily Watson,Marketing Coordinator,BrandVision Inc.,Marketing Services,Seattle,"Recent graduate excited about digital marketing and brand strategy"
Robert Brown,CTO,CloudFirst Technologies,Cloud Computing,Denver,"Technology leader with expertise in cloud infrastructure and DevOps"
Maria Garcia,Sales Director,GrowthAccelerate,SaaS,Los Angeles,"Sales professional driving revenue growth for SaaS companies"
James Wilson,HR Manager,PeopleFirst Corp,Human Resources,Dallas,"Human resources expert focused on talent development and culture"
Jennifer Lee,Product Manager,AppInnovate Labs,Mobile Technology,San Jose,"Product manager with 5+ years in mobile app development"
Kevin Adams,Financial Analyst,WealthGuard Finance,Financial Services,Chicago,"CFA specializing in investment analysis and portfolio management"
Amanda White,Customer Support,HelpDesk Solutions,Customer Service,Remote,"Customer success professional ensuring client satisfaction"
Paul Thompson,Operations Manager,LogiFlow Supply Chain,Logistics,Miami,"Supply chain and operations expert optimizing business processes"
Michelle Hall,Content Writer,ContentCreators Co.,Marketing,Austin,"Content strategist creating engaging copy for tech brands"
Daniel Clark,Business Development,Partnerships Pro,Business Services,Atlanta,"BDM focused on strategic partnerships and alliance building"
Rachel Scott,Data Scientist,AI Analytics Lab,Artificial Intelligence,Boston,"Data scientist applying ML algorithms to business problems"
Brian Allen,Recruitment Specialist,TalentFinders HR,Recruitment,Remote,"Recruiter connecting top talent with innovative companies"
Jessica King,Account Executive,SalesPro Enterprise,Sales Consulting,New York,"AE driving new business for enterprise sales solutions"
Christopher Young,DevOps Engineer,InfraScale Tech,Infrastructure,Seattle,"DevOps engineer automating deployment pipelines"
Stephanie Hill,UI/UX Designer,DesignCraft Studio,Design Services,Portland,"Product designer creating intuitive user experiences"